{
  "version": 1,
  "disable_existing_loggers": false,
  "formatters": {
    "simple": {
      "format": "%(asctime)s [%(name)s.%(levelname)s] %(message)s"
    }
  },
  "handlers": {
    "console": {
      "class": "logging.StreamHandler",
      "level": "DEBUG",
      "formatter": "simple",
      "stream": "ext://sys.stdout"
    },
    "file": {
      "class": "logging.FileHandler",
      "level": "INFO",
      "formatter": "simple"
    }
  },
  "loggers": {
  },
  "root": {
    "level": "DEBUG",
    "handlers": [
      "console",
      "file"
    ]
  }
}